{
  "xgboost": {
    "accuracy": 0.9664160401002506,
    "precision": 1.0,
    "recall": 0.541095890410959,
    "f1": 0.7022222222222222,
    "roc_auc": 0.8959544959511622,
    "pr_auc": 0.6590620989631484
  },
  "catboost": {
    "accuracy": 0.9664160401002506,
    "precision": 1.0,
    "recall": 0.541095890410959,
    "f1": 0.7022222222222222,
    "roc_auc": 0.8362924794594635,
    "pr_auc": 0.5961059565125719
  }
}